Far,Fad
FarY,FadY
Radar,Thing
Attack,Freeze
RadarAttack,ThingFreeze
Tinge,Stave
Fast,Tilt
TingeFast,StaveTilt
Tint,Deck
TintFast,DeckTilt
Income,Within
Ruin,Read
IncomeRuin,WithinRead
Fin,Tax
IncomeFin,WithinTax
Utility,Foghorn
Fringe,Advice
Crab,Plug
Absenteeism,Aldosterone
Crab_Absenteeism,Plug_Aldosterone
Crab_Absenteeism_1,Plug_Aldosterone_1
Crab_Absenteeism_2,Plug_Aldosterone_2
Disuse,Carton
Crab_Disuse_1,Plug_Carton_1
Mob,Fog
CrabMob,PlugFog
Apart,Later
Honey,Sword
Harem,Arena
Reveal,Upward
Pit,Two
Reveal_Pit,Upward_Two
Disuse_Pit,Carton_Two
Tail,Huge
Tail_Pit,Huge_Two
Hold,Urge
Hold_1,Urge_1
mat,How
Hold_1_mat,Urge_1_How
Register,Forecast
Go,Me
RegisterGo,ForecastMe
Manure,Twelve
Crime,Rainy
ManureCrimeX,TwelveRainyX
ManureCrimeY,TwelveRainyY
Such,Bill
Railroad,Cohesive
CHANNEL,CHANNEL
ID,ID
CHANNEL_ID,CHANNEL_ID
Oft,Wit
Boomer,Russia
OftBoomer,WitRussia
Crew,Spin
Thirty,Monoid
Quench,Autumn
ThirtyQuench,MonoidAutumn
Closet,Sprawl
Claw,Bard
ClosetClaw,SprawlBard
Site,Span
Grower,Hearth
SiteGrower,SpanHearth
We,To
Coil,Rend
WeCoil,ToRend
Spot,From
Heel,Shop
Red,Cod
HeelRed,ShopCod
Tire,Bite
Creep,Phase
TireCreep,BitePhase
District,Ancestor
Drive,Affix
Outlet,Piston
DistrictDriveOutlet,AncestorAffixPiston
Pick,Earn
Light,Auger
PickLight,EarnAuger
Slow,Bear
SlowRed,BearCod
Flap,Deed
FlapRed,DeedCod
Magnet,Legume
MagnetRed,LegumeCod
Boss,Heel
Cash,Dire
BossCashRed,HeelDireCod
Sierra,Turtle
Bed,Elk
Cent,Loss
SierraBedCent,TurtleElkLoss
Fist,City
SierraFist,TurtleCity
SierraBed,TurtleElk
Beam,Sled
Few,Why
Beam1Few,Sled1Why
Beam2Few,Sled2Why
Beam3Few,Sled3Why
Beam4Few,Sled4Why
Mite,Slat
Gel,Wok
FlapMiteGel,DeedSlatWok
Stem,Tour
StemGel,TourWok
Pest,Salt
PestGel,SaltWok
Host,Glen
Only,Bore
HostOnly,GlenBore
Draft,Perry
Lake,Acid
DraftLake,PerryAcid
Fall,Ease
DraftFall,PerryEase
Kind,Gill
FlapKindGel,DeedGillWok
DraftFallCent,PerryEaseLoss
DraftLakeCent,PerryAcidLoss
PestBedCent,SaltElkLoss
FlapKindBedCent,DeedGillElkLoss
DraftLakeFast,PerryAcidTilt
DraftFallFast,PerryEaseTilt
FlapKindFast,DeedGillTilt
Must,Spew
PestMust,SaltSpew
WeOnly,ToBore
Surmise,Pollute
Life,Rice
SurmiseLifeBed,PolluteRiceElk
Luce,July
Pylon,Thumb
LucePylon,JulyThumb
Foodstuff,Viability
It,To
FoodstuffIt,ViabilityIt
Them,Dump
ThemMust,DumpSpew
Tenth,Cruel
WeTenthFast,ToCruelTilt
cd,Ax
cdFast,AxTilt
Lease,Beach
LeaseLifeOnly,BeachRiceBore
Director,Regional
DirectorRed,RegionalCod
Trash,Tenth
TrashPylon,TenthThumb
TrashFast,TenthTilt
SurmiseFast,PolluteTilt
SurmiseLife,PolluteRice
Loess,Alter
LoessSuch,AlterBill
Sac,Rib
SacSuch,RibBill
ThemTenthFast,DumpCruelTilt
Gourd,Niche
Herculean,Hydraulic
GourdHerculean,NicheHydraulic
Custom,Korean
GourdCustom,NicheKorean
Rime,Deco
Defend,Ashcan
Fact,File
RimeDefendFact,DecoAshcanFile
_RimeDefendFact,_DecoAshcanFile
Transaction,Microfossil
TransactionFact,MicrofossilFile
_TransactionFact,_MicrofossilFile
Table,Brown
Enough,Breath
TableEnough,BrownBreath
Bloom,Hobby
WeBloom,ToHobby
Gulf,Slat
Common,Sphere
Tablet,Compel
GulfCommonTablet,GulfSphereCompel
Ox,We
Shrinkage,Melodrama
Ox_Shrinkage,We_Melodrama
Lade,Grid
Lade_Shrinkage,Grid_Melodrama
fx,At
Pool,Cast
fx_Pool,At_Cast
fx_Pool_1,At_Cast_1
Text,Glow
Text_Pool,Glow_Cast
reward,Russia
Item,Tell
Perfab,Opaque
rewardItemPerfab,rewardTellOpaque
Group,Board
rewardItemGroup,RussiaTellBoard
fxPool,AtCast
fxPool_1,AtCast_1
TextPool,GlowCast
max,Van
Bucket,Bustle
Num,Pet
maxBucketNum,VanBustlePet
current,Postwar
currentBucketNum,PostwarBustlePet
Column,Center
ColumnGroup,CenterBoard
center,Ignite
Door,Deny
centerDoor,IgniteDeny
coin,Rail
Pagoda,Thrive
coinPagodaPerfab,RailThriveOpaque
fX,fX
Fever,Adorn
fX_Fever,fX_Adorn
Big,Gas
Win,Log
BigWin,GasLog
fX_BigWin,fX_GasLog
Box,Rub
BoxGroup,RubBoard
fX_BoxGroup,fX_RubBoard
have,Lime
Little,Energy
Game,Dawn
haveLittleGame,LimeEnergyDawn
is,Go
Pause,Vivid
isPause,GoVivid
Push,Busy
isPushFever,GoBusyAdorn
isPushBigWin,GoBusyGasLog
waiting,Jewelry
Drop,Lore
Coin,Acid
Count,Nurse
waitingDropCoinCount,JewelryLoreCoinNurse
Down,Feat
Piano,Happy
DownIDPianoGel,FeatIDHappyWok
ad,An
Reward,Regime
Time,Grid
adRewardCDTime,AnRegimeCDTime
Unlock,Beside
isPagodaUnlock,GoThriveBeside
big,Lie
End,Hue
bigWinEndTime,LieLogHueGrid
fever,Alter
feverTime,feverGrid
x,x
y,y
z,z
rx,It
ry,Dy
rz,He
gold,Deco
goldCoinPerfab,goldAcidOpaque
goldCoinPerfab_1,goldAcidOpaque_1
goldCoinPerfab_5,goldAcidOpaque_5
goldCoinPerfab_10,goldAcidOpaque_10
goldCoinPerfab_50,goldAcidOpaque_50
goldCoinPerfab_100,goldAcidOpaque_100
goldCoinPerfab_200,goldAcidOpaque_200
goldCoinPerfab_500,goldAcidOpaque_500
cash,File
cashCoinPerfab,cashAcidOpaque
cashCoinPerfab_1,cashAcidOpaque_1
cashCoinPerfab_5,cashAcidOpaque_5
cashCoinPerfab_10,cashAcidOpaque_10
cashCoinPerfab_50,cashAcidOpaque_50
cashCoinPerfab_100,cashAcidOpaque_100
cashCoinPerfab_200,cashAcidOpaque_200
cashCoinPerfab_500,cashAcidOpaque_500
roll,Last
rollCashPerfab,LastDireOpaque
gem,Wax
Diamond,Electro
gemDiamondPerfab,WaxElectroOpaque
Blue,Cute
gemBluePerfab,WaxCuteOpaque
gemRedPerfab,WaxCodOpaque
golden,Climax
goldenPerfab,ClimaxOpaque
scratch,Realize
Card,Late
scratchCardPerfab,RealizeLateOpaque
lucky,Loder
luckyCardPerfab,LoderLateOpaque
bigCoinPerfab,LieAcidOpaque
apple,Daunt
applePerfab,DauntOpaque
Type,Wick
rewardType,RussiaWick
rewardNum,RussiaPet
Perfabs,Relieve
rewardItemPerfabs,RussiaTellRelieve
can,Egg
Play,Wish
Sound,Deity
canPlaySound,EggWishDeity
Pupil,Trove
PestPupil,SaltTrove
WeCrabMust,ToPlugSpew
Peg,Key
PestPeg,SaltKey
DraftLakeCreep,PerryAcidPhase
Finnish,Vibrant
LuceFinnish,JulyVibrant
StemFin,TourTax
PestPegFin,SaltKeyTax
Prompt,Untrue
PromptFall,UntrueEase
add,Hay
addFall,HayEase
Herb,Gaze
StemHerbFast,TourGazeTilt
Smoothly,Imperial
StemSmoothly,TourImperial
Jury,Pole
TrashJuryHerbFast,TenthPoleGazeTilt
TrashJurySmoothly,TenthPoleImperial
Dot,Rid
StemDot,TourRid
Peal,Yean
Peal_z,Yean_z
On,An
Yew,Bis
WeOnYewFall,ToOnBisEase
GelFallFast,WokEaseTilt
So,On
WeOnLakeSo,ToAnAcidOn
Heed,Hole
HeedSoFast,HoleOnTilt
WeJuryDot,ToPoleRid
Expose,Funnel
StemDotExpose,TourRidFunnel
Computer,Affinity
Ox_Shrinkage_1,We_Melodrama_1
Maya,Hero
MayaCrabGel,HeroPlugWok
Germ,Then
PestGelGerm,SaltWokThen
SierraGelGerm,TurtleWokThen
Alp,Egg
Peart,Angry
AlpPeart,AlpAngry
SierraPeart,TurtleAngry
Tin,May
Vas,Ail
TinVas,MayAil
Such_1,Bill_1
Such_2,Bill_2
Such_3,Bill_3
Court,Butte
CourtLake,ButteAcid
CourtTinKind,ButteMayGill
CourtFall,ButteEase
Tie,Peg
Even,High
TieEven,PegHigh
Zoo,End
TieZoo,PegEnd
Heroism,Perplex
TieHeroism,PegPerplex
Concur,Emboss
Hall,Span
PestGelHall,SaltWokHall
PestCreep,SaltPhase
PestCreep01,SaltPhase01
PestCreep02,SaltPhase02
PestCreep03,SaltPhase03
No,Up
Locale,Ratify
Utah,Wide
NoLocaleUtah,UpRatifyWide
Cliff,Tulip
CliffMust,TulipSpew
Pass,Lash
WePass,ToLash
PestFin,SaltTax
Change,Exceed
Btn,Jet
ChangeBtn,ExceedJet
Can,You
Not,Mar
CanNotBtn,YouMarJet
Close,Joint
CloseBtn,JointJet
CashText,DireGlow
CoinText,AcidGlow
Unwell,Potato
UnwellHoney,PotatoSword
Employ,Sector
PestEmployHoney,SaltSectorSword
DirectorCent,RegionalLoss
Space,Bylaw
Fair,Ploy
SpaceFair,BylawPloy
Sleep,Loyal
Feel,Want
SleepFeel,LoyalWant
Colony,Elliot
Choice,Twelve
Old,Vas
OldPest,VasSalt
Rub,Rat
RubPest,RatSalt
SpaceGel,BylawWok
Metal,Crack
MetalFew,CrackWhy
DirectorGel,RegionalWok
PromptCrab,UntruePlug
Era,Roe
Tilt,Boon
EraTiltFew,RoeBoonWhy
EraFew,RoeWhy
Pay,Cud
SierraPay,TurtleCud
SierraPay01,TurtleCud01
SierraPay02,TurtleCud02
SierraPay03,TurtleCud03
Hay,Oil
SierraHay,TurtleOil
Adorn,Royal
AdornFist,RoyalCity
Rayon,Pique
Rayon2,Pique2
Rayon3,Pique3
Pitch,Vogue
Wolf,Skin
Humble,Length
Wolf1Humble,Skin1Length
Wolf2Humble,Skin2Length
Chain,Slush
ChainFew,SlushWhy
Rainer,Cinema
Deed,Join
RainerDeed,CinemaJoin
Line,Talk
LineDeed,TalkJoin
Lung,Airy
Know,Cult
Squirrel,Nearness
LungKnowSquirrel,AiryCultNearness
RainerBed,CinemaElk
RainerBed01,CinemaElk01
RainerBed02,CinemaElk02
LineDeedGelGerm,TalkJoinWokThen
RainerDeedMust,CinemaJoinSpew
LineDeedMust,TalkJoinSpew
Ghostly,Bequest
Vie,Bay
GhostlyVasViePupil,BequestAilBayTrove
Gift,Rote
GiftVasPupil,RoteAilTrove
RainerBedGerm,CinemaElkThen
SierraCent,TurtleLoss
Rim,Don
RimGerm,DonThen
Job,Dry
JobHallGerm,DrySpanThen
Coral,Cloth
CoralDeedGerm,ClothJoinThen
Impend,Energy
ImpendGelGerm,ImpendWokThen
CoralGelHallGerm,ClothWokSpanThen
Deer,Loam
WeDeer,ToLoam
on,My
Launch,Mutual
French,Harden
onLaunchFrench,MyMutualHarden
GiftPupil,RoteTrove
Lip,Tap
LipViePupil,TapBayTrove
CliffFew,TulipWhy
GroupFew,BoardWhy
Tradition,Rebellion
TraditionFew,RebellionWhy
He,It
CliffHe,TulipHe
Any,Dot
CliffAny,TulipDot
GroupHe,BoardIt
GroupAny,BoardDot
TraditionHe,RebellionIt
TraditionAny,RebellionDot
Key,May
TraditionKey,RebellionKey
Sunlit,Fecund
EraSunlitFew,RoeFecundWhy
Cuspidor,Amenable
CuspidorFew,AmenableWhy
NoCuspidorFew,UpAmenableWhy
adRed,AnCod
EraFewCent,RoeWhyLoss
LuceBed,JulyElk
SiteBed,SpanElk
Corn,Berg
CornBed,BergElk
Neon,Chop
NeonFew,ChopWhy
CornNeonBed,BergChopElk
Lys,Tan
LysVasBGFair,TanAilBGPloy
Doom,Clay
LysVasDoomFair,TanAilClayPloy
LysVasFist,TanAilCity
SlowFew,BearWhy
FlapFew,DeedWhy
Exchange,Hardware
ExchangeBtn,HardwareJet
MagnetFew,LegumeWhy
GulfRed,SlatCod
LuceRed,JulyCod
Rod,His
FlapRod,DeedHis
GulfRod,SlatHis
MagnetRod,LegumeHis
LuceRod,JulyHis
Demise,Patent
Hugely,Indoor
DemiseHugely,PatentIndoor
PestHugely,SaltIndoor
Crevice,Example
CreviceFew,ExampleWhy
CuspidorRod,AmenableHis
CuspidorBedCent,AmenableElkLoss
Unclear,Attempt
RubUnclearFew,RatAttemptWhy
RubNeonBedCent,RatChopElkLoss
SlowBedCent,BearElkLoss
FlapBedCent,DeedElkLoss
MagnetBedCent,LegumeElkLoss
LuceBedCent,JulyElkLoss
Gazette,Visitor
GazetteFew,VisitorWhy
Twig,Lawn
Caput,Rider
TwigCaputFew,LawnRiderWhy
Stun,Wear
StunFew,WearWhy
All,Gem
Delectable,Congestion
AllPegDelectable,GemKeyCongestion
TimeRewardBtn,GridRegimeJet
task,Save
taskRewardBtn,SaveRegimeJet
RainerGel,CinemaWok
Conduct,Russian
Rubble,Insert
RubbleFast,InsertTilt
Reduce,Engine
RainerReduceX,CinemaEngineX
RainerReduceY,CinemaEngineY
RainerDrop,CinemaLore
Church,Usable
RainerChurch,CinemaUsable
mask,Sing
maskDrop,SingLore
SurmiseReduceX,PolluteEngineX
SurmiseReduceY,PolluteEngineY
Eon,Yam
RainerEonX,CinemaYamX
RainerEonY,CinemaYamY
Convince,Loyalist
RubbleConvinceX,InsertLoyalistX
RubbleConvinceY,InsertLoyalistY
Carnation,Principle
AdornCarnation,RoyalPrinciple
Lug,Fee
Ravage,Filter
LugRavageGel,FeeFilterWok
RainerHoney,CinemaSword
weight,Clover
num,Kea
reward_num,Russia_Kea
Current,Ability
CurrentAttack,AbilityFreeze
RavageAttack,FilterFreeze
RubbleConvince,InsertLoyalist
Scent,Karst
Plain,Ocher
ScentPlain,KarstOcher
m,m
bg,My
Offer,Goose
bgOffer,bgGoose
m_bgOffer,m_bgGoose
Bill,Lion
Kernel,Detail
BillScentKernelGerm,LionKarstDetailThen
Scant,Taste
ScantSmoothly,TasteImperial
By,Ox
Relate,Indian
ByOfferRelate,OxGooseIndian
_ByOfferRelate,_OxGooseIndian
Purify,Rotate
PurifyOfferRelate,RotateGooseIndian
_PurifyOfferRelate,_RotateGooseIndian
Unbind,Secure
ByUnbind,OxSecure
_ByUnbind,_OxSecure
PurifyUnbind,RotateSecure
_PurifyUnbind,_RotateSecure
BGM,BGM
BGM_Claw,BGM_Bard
Foil,Club
ScentUnclearFoil,KarstAttemptClub
Vast,Dust
ScentVastFoil,KarstDustClub
Bronze,Bureau
BronzeClawCreep,BureauBardPhase
Jaw,USA
ScentJaw,KarstUSA
Reexamine,Worksheet
ScentReexaminePlain,KarstWorksheetOcher
ViePupil,BayTrove
Trait,Guard
Season,Perish
TraitSeason,GuardPerish
Expend,Appear
Attentive,Oscillate
Behind,Sahara
Slime,Irony
BehindFastSlime,SaharaTiltIrony
Main,Cone
Rivet,Rocky
Fancy,Train
Agency,Genius
Automate,Mobilize
AgencyAutomate,GeniusMobilize
Eager,Union
SurmiseEagerPeart,PolluteUnionAngry
Steer,Upset
Supremely,Skyrocket
SurmiseSupremely,PolluteSkyrocket
Ravage_Fist,Filter_City
Uproot,Genial
Uproot_Fist,Genial_City
Bis,Cab
Bis_Fast,Cab_Tilt
Number,Lessen
Uproot_Number,Genial_Lessen
MAX,MAX
SDK,SDK
KEY,KEY
MAX_SDK_KEY,MAX_SDK_KEY
REWARD,REWARD
MAX_REWARD_ID,MAX_REWARD_ID
INTER,INTER
MAX_INTER_ID,MAX_INTER_ID
Swamp,Fault
Discuss,Explode
SwampDiscuss,FaultExplode
Anxious,Texture
My,At
WeAnxiousMy,ToTextureMy
Predate,Battery
SierraPredateClaw,TurtleBatteryBard
Kier,Norm
Rear,Dung
SierraKierRearEnough,TurtleNormDungBreath
Slander,Produce
SierraSlander,TurtleProduce
Fruitfulness,Contemporary
FruitfulnessPredateClaw,ContemporaryBatteryBard
FruitfulnessFist,ContemporaryCity
FruitfulnessPeart,ContemporaryAngry
Overrun,Expanse
Interlock,Profiteer
ItOverrunInterlock,ToExpanseProfiteer
Geometrical,Evaporation
Decay,Offer
Excursion,Logically
GeometricalDecayExcursion,EvaporationOfferLogically
Rarity,Walnut
SunlitMyRarityHall,FecundAtWalnutSpan
Helplessness,Tavernkeeper
HelplessnessMyRarityHall,TavernkeeperAtWalnutSpan
Voyage,Unique
VoyageID,UniqueID
If,Ox
Goal,From
ADGoalTireFist,ADGoalBiteCity
If_ADGoalTireFist,If_ADGoalBiteCity
ADGoalFast,ADFromTilt
If_ADGoalFast,Ox_ADFromTilt
Physically,Inevitably
Correct,Shrubby
PhysicallyCorrect,InevitablyShrubby
Cloth,Lomas
Shop,Luck
ClothShop,LomasLuck
ClothShop2,LomasLuck2
Sow,Few
ClothSow,LomasFew
ClothSow2,LomasFew2
ClothSow3,LomasFew3
Bylaw,Ought
ClothBylaw,LomasOught
ClothBylaw2,LomasOught2
Indigo,Heyday
ClothIndigo,LomasHeyday
ClothIndigo2,LomasHeyday2
Carpet,Attest
ClothCarpet,LomasAttest
ClothCarpet2,LomasAttest2
ClothUtahOutlet,LomasWidePiston
ClothUtahOutlet2,LomasWidePiston2
ClothUtahOutlet3,LomasWidePiston3
ClothUtahOutlet4,LomasWidePiston4
Political,Shortness
ClothPolitical,LomasShortness
ClothCarpetGerm,LomasAttestThen
Nss,Rag
ClothNss,LomasRag
ClothNss2Germ,LomasRag2Then
ClothSowGerm,LomasFewThen
Concise,Gazette
ConciseKierRear,GazetteNormDung
Cue,Bow
Cue2_1,Bow2_1
Cue2_2,Bow2_2
Grant,Idiom
Sum,Cry
GrantSum,IdiomCry
Scream,Chisel
ScreamSum,ChiselCry
FastSum,TiltCry
Cosmos,Vagary
CosmosSum,VagaryCry
Pig,Gut
Masthead,Botanist
Pig_Masthead,Gut_Botanist
Buy,Lop
BuySH,LopSH
Pig_BuySH,Gut_LopSH
Is,To
IsTireHall,IsBiteSpan
If_IsTireHall,Ox_IsBiteSpan
If_Lys_Lip_Flap,Ox_Tan_Tap_Deed
Ask,Son
Brawl,Aphid
Toe,Sap
Ask_Chain_Brawl_Toe_Loess,Son_Slush_Aphid_Sap_Alter
Rust,Bind
If_Trash_Rust_Surmise,Ox_Tenth_Bind_Pollute
Rancho,Enable
Fly,Six
Wipe,Limy
Panel,Pluto
If_Rancho_Fly_Wipe_Panel,Ox_Enable_Six_Limy_Pluto
Period,France
Dapple,Dampen
Plank,Niche
If_Period_Dapple_Plank,Ox_France_Dampen_Plank
Grape,Empty
User,Thin
GrapeUserGo,EmptyThinMe
If_GrapeUserGo,Ox_EmptyThinMe
Source,Unwell
GrapeSourceGo,EmptyUnwellMe
If_GrapeSourceGo,Ox_EmptyUnwellMe
Obtain,Victim
HeRubObtain,ItRatVictim
If_HeRubObtain,Ox_ItRatVictim
Aloft,Shape
South,Snowy
Get,Nss
AloftSouthGetPupil,ShapeSnowyNssTrove
If_AloftSouthGetPupil,Ox_ShapeSnowyNssTrove
Pork,Draw
AloftSouthPork,ShapeSnowyDraw
If_AloftSouthPork,Ox_ShapeSnowyDraw
Suck,Weft
RubTiltSuck,RatBoonWeft
If_RubTiltSuck,Ox_RatBoonWeft
NeonKind,ChopGill
If_NeonKind,Ox_ChopGill
Permanence,Appreciate
PermanenceNeonKind,AppreciateChopGill
If_PermanenceNeonKind,Ox_AppreciateChopGill
If_Such,Ox_Bill
PermanenceSuch,AppreciateBill
If_PermanenceSuch,Ox_AppreciateBill
Either,Chisel
If_Either,Ox_Either
PermanenceEither,AppreciateChisel
If_PermanenceEither,Ox_AppreciateChisel
Fox,Tie
If_Lease_Luce_Fox,Ox_Beach_July_Tie
PermanenceLife,AppreciateRice
If_PermanenceLife,Ox_AppreciateRice
Have,Rain
If_Lease_Luce_Have,Ox_Beach_July_Rain
Agree,Erupt
AgreeUtahFast,EruptWideTilt
If_AgreeUtahFast,Ox_EruptWideTilt
Pearl,Viral
BloomYewPearl,HobbyBisViral
If_BloomYewPearl,Ox_HobbyBisViral
Gut,Dig
Sink,Firn
Diva,Warn
Score,Skill
GutSinkDivaScore,DigFirnWarnSkill
If_GutSinkDivaScore,Ox_DigFirnWarnSkill
Connect,Unknown
PermanenceConnect,AppreciateUnknown
If_PermanenceConnect,Ox_AppreciateUnknown
Seafood,Curator
Plunge,Shaman
SeafoodPestPlunge,CuratorSaltShaman
If_SeafoodPestPlunge,Ox_CuratorSaltShaman
RubTiltSuckExpose,RatBoonWeftFunnel
If_RubTiltSuckExpose,Ox_RatBoonWeftFunnel
Lion,Clam
Awful,Adapt
Giant,Trash
If_Lion_Awful_Giant,Ox_Clam_Adapt_Trash
BloomCrab,HobbyPlug
If_BloomCrab,Ox_HobbyPlug
Edge,Bath
CosmosEdge,VagaryBath
If_CosmosEdge,Ox_VagaryBath
trial,Buggy
If_It_trial_Fox,Ox_To_Buggy_Tie
Dutch,Shale
If_Dutch_It_Fox,Ox_Shale_To_Tie
first,Draft
Roam,Late
If_first_Roam_Lip_777,Ox_Draft_Roam_Tap_777
If_Loess_Roam_Lip_Sierra,Ox_Alter_Late_Tap_Turtle
Hero,Yale
Ask_Hero_Flap_Fair,Son_Yale_Deed_Ploy
Ere,Ice
Ant,Rag
If_Loess_Ere_Ant,Ox_Alter_Ice_Ant
Shy,Eke
If_Loess_Flap_Shy,Ox_Alter_Deed_Eke
Tine,Line
us,ID
Ask_Hero_Tine_us,Son_Yale_Line_us
Aloof,Chimp
If_Loess_Pest_Aloof,Ox_Alter_Salt_Chimp
To,No
If_Prompt_Lip_It_To,Ox_Untrue_Tap_No_No
Stir,News
If_Prompt_Lip_Stir,Ox_Untrue_Tap_News
If_Twig_Stir,Ox_Lawn_News
Mislead,Wartime
If_Mislead_Gel_Luce,Ox_Wartime_Wok_July
Huge,Deed
Kiln,Ball
Crustal,Stinger
HugeKilnCrustalHall,HugeBallStingerSpan
B,B
HugeKilnCrustalHall_B,HugeBallStingerSpan_B
Sawyer,Limner
KilnSawyer,BallLimner
KilnSawyer_B,BallLimner_B
Exterior,Atlantic
KilnExterior,BallAtlantic
KilnExterior_B,BallAtlantic_B
Click,Plaza
Broadcast,Singleton
Hamper,Vacant
ClickBroadcastHamper,PlazaSingletonVacant
ClickBroadcastHamper_B,PlazaSingletonVacant_B
Vague,Essay
HugeVagueCrustalHall,DeedEssayStingerSpan
A,A
HugeVagueCrustalHall_A,DeedEssayStingerSpan_A
VagueSawyer,EssayLimner
VagueSawyer_A,EssayLimner_A
There,Layer
VagueThereFact,EssayLayerFile
VagueThereFact_A,EssayLayerFile_A
Homogeneous,Appreciably
VagueHomogeneousFact,EssayAppreciablyFile
VagueHomogeneousFact_A,EssayAppreciablyFile_A
VagueHugeDefendFact,EssayDeedAshcanFile
VagueHugeDefendFact_A,EssayDeedAshcanFile_A
mg,My
HugelyDown,IndoorFeat
mg_HugelyDown,mg_IndoorFeat
HugelyPiano,IndoorHappy
So_HugelyPiano,On_IndoorHappy
ui,On
Hydroelectric,Compositional
So_ui_Hydroelectric,On_ui_Compositional
Compare,Gesture
So_If_Compare,On_Ox_Gesture
Freezing,Actively
So_If_Freezing,On_Ox_Actively
Prevalent,Endowment
So_If_Prevalent,On_Ox_Endowment
Channel,Redwing
UtahChannel,WideRedwing
So_UtahChannel,On_WideRedwing
Epic,Join
Epic_NeonKind_Humble,Epic_ChopGill_Length
Eighty,Source
Epic_Pearl_Humble_Eighty,Join_Viral_Length_Source
Tie_Even,Peg_High
Tie_Zoo,Peg_End
Tie_Heroism,Peg_Perplex
Tie_Concur,Peg_Emboss
Ail,End
Ail_10,Ail_10
Ail_8,End_8
PegPupil,KeyTrove
Tone,Tusk
UtahTone,WideTusk
Way,Ppm
SuchWay,BillPpm
SuchWay_Hall,BillPpm_Span
TIMEOUT,TIMEOUT
Last,Firm
LastSum,FirmCry
LastGrantSum,FirmIdiomCry
LastScreamSum,FirmChiselCry
LastFastSum,FirmTiltCry
LastCosmosSum,FirmVagaryCry
Sort,Wavy
HallSort,SpanWavy
Restore,Iceberg
ScreamHall,ChiselSpan
TireHall,BiteSpan
UtahHall,WideSpan
Wrapper,Thinker
ItWrapper,ToThinker
Hiss,Sage
Tray,Roam
Study,Harsh
Study_Giant,Harsh_Trash
ScantPupil,TasteTrove
Bulge,Sheer
Surpass,Worship
SurpassClaw,WorshipBard
Bulge_SurpassClaw,Sheer_WorshipBard
Ax,Go
ScantAx,TasteAx
_ScantAx,_TasteAx
Lap,Eke
TiltHallLap,BoonSpanLap
TiltHall,BoonSpan
Hour,Genu
YewTiltHourPupil,BisBoonGenuTrove
URL,URL
Arid,Must
Dale,Self
DaleSlander,SelfProduce
Chip,File
DaleChip,SelfChip
DEFAULT,DEFAULT
DEFAULT_TIMEOUT,DEFAULT_TIMEOUT
RETRY,RETRY
COUNT,COUNT
MAX_RETRY_COUNT,MAX_RETRY_COUNT
INTERVAL,INTERVAL
RETRY_INTERVAL,RETRY_INTERVAL
Fatigue,Toehold
Title,Ruler
FatigueTitle,ToeholdRuler
Mud,Tan
Fail,Toil
MudFailYewGerm,MudToilBisThen
MudFailDaleGerm,TanToilSelfThen
YewSlander,BisProduce
YewChip,BisFile
Tomb,Game
TombPlain,GameOcher
m_TombPlain,m_GameOcher
TombClaw,GameBard
m_TombClaw,m_GameBard
m_Quench,m_Autumn
m_ViePupil,m_BayTrove
Fresher,Finnish
FresherViePupil,FinnishBayTrove
m_FresherViePupil,m_FinnishBayTrove
Log,Hue
TombLog,GameLog
m_TombLog,m_GameLog
Duke,Flee
DukePolitical,FleeShortness
m_DukePolitical,m_FleeShortness
Cedar,Cheer
CedarCent,CheerLoss
Alone,Reuse
Genetic,Trolley
CornAloneGenetic,BergReuseTrolley
Cosmos_SurpassClaw,Vagary_WorshipBard
Toil,Akin
AP,AP
Toil_AP,Akin_AP
Keel,Yale
DemiseKeelClaw,PatentKeelBard
Intervene,Economize
Attire,Divert
Icy,Hut
SuckIcy,WeftHut
FancyGerm,TrainThen
AntRed,RagCod
AntFew,RagWhy
Facade,Palace
Bit,Wet
FacadeBitHoney,PalaceWetSword
Boy,Lap
_Boy1,_Lap1
_Boy2,_Lap2
AllPeg,GemKey
RustSmoothly,BindImperial
_RustSmoothly,_BindImperial
_SurmiseFast,_PolluteTilt
WeHeMust,ToItSpew
Egg,Fen
EggByY,FenOxY
People,Recent
PeopleRed,RecentCod
Slab,Lord
SlabRed,LordCod
Slider,Thrive
SliderRed,SliderCod
SlowRodRed,BearHisCod
UnwellSquirrel,PotatoNearness
TwigBed,LawnElk
AlpBed,EggElk
SurmiseBed,PolluteElk
Gate,News
TwigHallGate,LawnSpanGate
GiftTieFist,RotePegCity
SoNeon,OnChop
Scrape,Meadow
SoScrape,OnMeadow
SoMob,OnFog
Rake,Self
RakeRed,RakeCod
BG,BG
Ox_Down,We_Feat
Walnut,Exhale
WalnutRed,ExhaleCod
LineBedCent,TalkElkLoss
LineBed,TalkElk
GhostlyGelHall,BequestWokSpan
Lock,Hurl
Jungle,Marrow
JungleTablet,MarrowCompel
JungleGerm,MarrowThen
Shoot,Chalk
Hairy,Blaze
ShootHairy,ChalkBlaze
LuceTablet,JulyCompel
Mammal,Woolen
MammalFin,WoolenTax
FX,FX
Peace,Urban
FX_Peace,FX_Urban
Shock,Aphid
GiantHoney,TrashSword
drop,Vein
dropPupil,VeinTrove
Aid,Log
Monoid,Induct
AidMonoid,AidInduct
Fetus,Lover
FetusHairy,LoverBlaze
LuceScore,JulySkill
Tower,Trout
TowerLight,TroutAuger
Oat,Log
OatLight,OatAuger
OatPegGerm,LogKeyThen
LuceTomb,JulyGame
Relax,Allay
RelaxOnly,AllayBore
Handle,Animal
PianoHandle,HappyAnimal
CosmosEdgeCent,VagaryBathLoss
SourceGoCent,UnwellMeLoss
Act,Dew
Dynasty,Gaseous
ActDynastyCent,DewGaseousLoss
CosmosFistCent,VagaryCityLoss
Nylon,Loder
NylonAilPupilHandle,NylonEndTroveAnimal
YewAilPupilHandle,BisEndTroveAnimal
Pray,Over
PrayBillFastDynastyCent,OverLionTiltGaseousLoss
Dynasty101Cent,Gaseous101Loss
Dynasty102Cent,Gaseous102Loss
Dynasty103Cent,Gaseous103Loss
Loose,Blade
LooseBedCent,BladeElkLoss
Appetite,Informal
BillAppetiteMyHandle,LionInformalAtAnimal
BillHelplessnessMyHandle,LionTavernkeeperAtAnimal
WeLaunchHandle,ToMutualAnimal
LooseBedHandle,BladeElkAnimal
FastHelplessnessCent,TiltTavernkeeperLoss
DecayFastHelplessnessHandle,OfferTiltTavernkeeperAnimal
Invent,Encase
InventFastHelplessnessHandle,EncaseTiltTavernkeeperAnimal
BuyUnclear,LopAttempt
_BuyUnclear,_LopAttempt
SYS,SYS
PATH,PATH
CANVAS,CANVAS
SYS_PATH_CANVAS,SYS_PATH_CANVAS
UIFORMS,UIFORMS
CONFIG,CONFIG
INFO,INFO
SYS_PATH_UIFORMS_CONFIG_INFO,SYS_PATH_UIFORMS_CONFIG_INFO
TAG,TAG
SYS_TAG_CANVAS,SYS_TAG_CANVAS
NORMAL,NORMAL
NODE,NODE
SYS_NORMAL_NODE,SYS_NORMAL_NODE
FIXED,FIXED
SYS_FIXED_NODE,SYS_FIXED_NODE
POPUP,POPUP
SYS_POPUP_NODE,SYS_POPUP_NODE
TOP,TOP
SYS_TOP_NODE,SYS_TOP_NODE
SCRIPTMANAGER,SCRIPTMANAGER
SYS_SCRIPTMANAGER_NODE,SYS_SCRIPTMANAGER_NODE
Forge,Write
OxForge,WeWrite
Pont,Anew
OxPont,WeAnew
OxMetal,WeCrack
Mule,Hole
OxMule,WeMule
OxSo,WeOn
Hamlin,Timber
OxHamlin,WeTimber
Virtue,Snugly
OxVirtueHamlin,WeSnuglyTimber
Low,Shy
Disagree,Encircle
LowDisagree,ShyEncircle
_LowDisagree,_ShyEncircle
_Far,_Fad
Inject,Degree
_Inject,_Degree
Vocation,Feedback
_Vocation,_Feedback
An,An
At,Up
AtChurchDuke,AtUsableFlee
_AtChurchDuke,_AtUsableFlee
Kea,Cop
Drapery,Doorway
York,Like
KeaUIDraperyYork,CopUIDoorwayLike
_KeaUIDraperyYork,_CopUIDoorwayLike
Me,My
AtMeScore,UpMeSkill
_AtMeScore,_UpMeSkill
AtMiteScore,UpSlatSkill
_AtMiteScore,_UpSlatSkill
Upwind,Client
UIUpwind,UIClient
_UIUpwind,_UIClient
Dominant,Cohesive
Photo,Robin
DominantUIUpwindPhoto,DominantUIClientRobin
_DominantUIUpwindPhoto,_DominantUIClientRobin
Explosive,Desirable
_Explosive,_Desirable
Obstruct,Cellular
Cache,Young
LogObstructCache,HueCellularYoung
_LogObstructCache,_HueCellularYoung
CurrentUIType,AbilityUIWick
_CurrentUIType,_AbilityUIWick
Watery,Gently
Chain_Watery,Slush_Gently
Roman,Stave
Biology,Depress
Baltic,Steppe
HeRomanBiologyBaltic,ItRomanDepressSteppe
Beau,Verb
BeauChurch,VerbUsable
Truck,Charm
Sandy,Spore
LogTruckSandy,HueCharmSpore
_LogTruckSandy,_HueCharmSpore
LogALLUITruck,HueALLUICharm
_LogALLUITruck,_HueALLUICharm
Dig,Rub
DigGhostlyUITruck,DigBequestUICharm
_DigGhostlyUITruck,_DigBequestUICharm
LogGhostlySinkUITruck,HueBequestFirnUICharm
_LogGhostlySinkUITruck,_HueBequestFirnUICharm
Iron,Roll
IronUITruck,RollUICharm
_IronUITruck,_RollUICharm
Childhood,Cognitive
KeaChurchChildhood,CopUsableCognitive
_KeaChurchChildhood,_CopUsableCognitive
KeaDemise,CopPatent
_KeaDemise,_CopPatent
Weave,Waist
KeaWeave,CopWaist
_KeaWeave,_CopWaist
KeaPaySo,CopCudOn
_KeaPaySo,_CopCudOn
_Mob,_Fog
KeaUIDrapery,CopUIDoorway
_KeaUIDrapery,_CopUIDoorway
ScoreClaw,SkillBard
ScoreClawGerm,SkillBardThen
Electrical,Immobilize
Rome,Fist
FarGerm,FadThen
Lust,Bold
WeLust,ToBold
stop,Peep
stopHerb,PeepGaze
Incidental,Unforeseen
RainerIncidental,CinemaUnforeseen
LoessLustIncidental,AlterBoldUnforeseen
Arboreal,Negative
Imaginative,Impermeable
Rite,Real
HeRiteBaltic,ItRealSteppe
SurmiseRitePeart,PolluteRealAngry
Wren,Cite
PickWren,EarnCite
ManureDrop,TwelveLore
Zoology,Impulse
Evident,Commend
DutchLight,ShaleAuger
Parent,Cloudy
DutchParent,ShaleCloudy
Deposit,Mineral
DepositPupil,MineralTrove
Clac,Pose
WeClac,ToPose
LoessPeart,AlterAngry
Wind,Boat
WindPeart,BoatAngry
PickParent,EarnCloudy
PickGerm,EarnThen
DepositGerm,MineralThen
OatGerm,LogThen
Hardly,Endear
PurifyHardly,RotateEndear
Cortex,Sweden
Weapon,Thwart
WeaponFastSlime,ThwartTiltIrony
Keep,Whig
WindBillFastDynasty,BoatLionTiltGaseous
Liberty,Toehold
Liberty101,Liberty101
Liberty102,Toehold102
Liberty103,Toehold103
Weary,Theft
WearyFastHelplessness,TheftTiltTavernkeeper
SurmisePupil,PolluteTrove
_SurmisePupil,_PolluteTrove
Servant,License
ServantClaw,LicenseBard
CosmosSurpass,VagaryWorship
Xenon,Notch
CosmosSurpass_Xenon,VagaryWorship_Notch
Retreat,Isotope
RetreatGo,IsotopeMe
Idyllic,Diamond
HeSlander,ItProduce
HeChip,ItFile
Ditch,Purge
DitchPupil,PurgeTrove
Painful,Lounger
Decease,Liberty
HeDecease,ItLiberty
Bay,Eke
BayRetreat,BayIsotope
Our,Ail
OurHall,OurSpan
YewMudFailYewGermPupil,BisTanToilBisThenTrove
YewMudFailDaleGermPupil,BisTanToilSelfThenTrove
Runway,Stable
GhostlyUIFist,BequestUICity
HallPupil,SpanTrove
Gold,Tire
GoldParent,TireCloudy
Plow,Rime
Combat,Gibbon
PlowCombat,RimeGibbon
Re,Of
ReAloneCombat,OfReuseGibbon
CombatAil,GibbonEnd
Chimp,Bound
ScantGelChimp,TasteWokBound
Barn,Holm
BarnSo,HolmOn
PaySink,CudFirn
Weak,Safe
PayWeak,CudSafe
BalticDisuse,SteppeCarton
Folly,Extol
FollySo,ExtolOn
Their,Stilt
BalticEmployTheir,SteppeSectorStilt
Fore,Vase
ForeSink,VaseFirn
ForeWeak,VaseSafe
NeonHerb,ChopGaze
Expo,Dart
NeonHerbExpo,ChopGazeDart
Soul,Wide
SoulSuchHerb,SoulBillGaze
Soon,Over
SoonPegHerb,SoonKeyGaze
SoonPegSunlitSink,OverKeyFecundFirn
Afloat,Sunset
Cap,Arc
FollyAfloatICapSlime,ExtolSunsetIArcIrony
Krill,Serve
Sap,Urn
AloftKrillSap,ShapeServeUrn
Captain,Optimal
Jump,Ruin
BarnJump,HolmRuin
OVOHerb,OVOGaze
Devote,Expose
IncidentalDevote,UnforeseenExpose
Very,Sect
BarnVery,HolmSect
Display,Radiant
DisplaySap,RadiantUrn
Amusement,Pistachio
TenthAmusement,CruelPistachio
DisplaySunlitSap,RadiantFecundUrn
Photographer,Irreversible
Percussive,Resilience
RetreatPhotographerPercussive,IsotopeIrreversibleResilience
Powerfully,Unhindered
Complementary,Exceptionally
PowerfullyComplementary,UnhinderedExceptionally
RomanPhotographer,StaveIrreversible
Statue,Winner
Legally,Version
StatuePhotographerLegally,WinnerIrreversibleVersion
Successor,Overprint
PoolSuccessorPhotographer,CastOverprintIrreversible
Corridor,Scavenge
CorridorPhotographer,ScavengeIrreversible
Horde,Floor
TireTombWrapper,BiteGameThinker
Unlike,Immune
UnlikeTombYewGate,ImmuneGameBisNews
YewOutlet,BisPiston
PianoDot,HappyRid
Diverse,Country
DiverseDot,CountryRid
Aloud,Ounce
EraUpwindLight,RoeClientAuger
EraUpwindParent,RoeClientCloudy
Spite,Sepal
EraSpiteHairy,RoeSepalBlaze
Creeper,Fallout
YewCreeperUtahOutlet,BisFalloutWidePiston
Smite,Spill
HairyMeSmite,BlazeMySpill
Smite180Me360,Spill180My360
Since,Snake
Harmfully,Paragraph
YewSinceHarmfully,BisSnakeParagraph
Distort,Topsoil
Feud,Glue
Burn,Loan
EraDistortFeudBurn,RoeTopsoilGlueLoan
EraHumbleBurn,RoeLengthLoan
Urban,Large
Severity,Untapped
EraUrbanSeverity,RoeLargeUntapped
EraFrenchPeart,RoeHardenAngry
Tanker,Moment
Wherever,Unproven
YewTankerWherever,BisMomentUnproven
Meteoritic,Unchanging
CarpetMeMeteoritic,AttestMyUnchanging
MeteoriticMeCarpet,UnchangingMyAttest
Day,Him
Diff,Into
DayPorkDiff,HimDrawInto
Sec,Alp
SecPorkRite,AlpDrawReal
PorkRite,DrawReal
Or,ID
YewEonOrCent,BisYamOrLoss
Multiply,Inscribe
Exam,Bold
MultiplyByExam,InscribeOxExam
Kingdom,Promote
KingdomDES,PromoteDES
Unaided,Obscure
UnaidedDES,ObscureDES
AloneFair,ReusePloy
TireDrive,BiteAffix
Work,Amid
WorkCrab,AmidPlug
PianoRed,HappyCod
SinkRed,FirnCod
BalticBedFair,SteppeElkPloy
YewDemiseVasSunlit,BisPatentAilFecund
SinkSuck,FirnWeft
SinkSuck2Few,FirnWeft2Why
SinkSuck3Few,FirnWeft3Why
SinkSuck4Few,FirnWeft4Why
AloneUtah,ReuseWide
SinkSuchMite,FirnBillSlat
HostTire,GlenBite
ScantCrab,TastePlug
Restart,Passage
UtahRestart,WidePassage
UtahPlow,WideRime
SinkCourtFallAil,FirnButteEaseEnd
PianoCourtFallAil,HappyButteEaseEnd
SinkCourtLakeAil,FirnButteAcidEnd
PianoCourtLakeAil,HappyButteAcidEnd
AloneCourtFall,ReuseButteEase
AloneCourtLake,ReuseButteAcid
SinkCrabBed,FirnPlugElk
SinkSuchKindBed,FirnBillGillElk
Scope,Smell
CourtFallScope,ButteEaseSmell
CourtLakeScope,ButteAcidSmell
SuchKindScope,BillGillSmell
Pesky,Crown
SinkPeskyDeedScore,FirnCrownJoinSkill
Execute,However
SinkExecuteDeedScore,FirnHoweverJoinSkill
Nonstop,Grandma
SinkNonstopCaputScore,FirnGrandmaRiderSkill
SinkUnclearScore,FirnAttemptSkill
SinkRubUnclearScore,FirnRatAttemptSkill
SinkTiltSunlitScore,FirnBoonFecundSkill
Cord,Dire
SinkTiltCordKindScore,FirnBoonCordGillSkill
SinkTiltCrabScore,FirnBoonPlugSkill
Us,On
SinkDivaUsScore,FirnWarnUsSkill
GelRevealSunlit,WokUpwardFecund
Needle,Shaper
EraNeedleKindPupil,RoeShaperGillTrove
Send,Game
EraSendCordMyFist,RoeSendDireAtCity
EraCrabSunlitHall,RoePlugFecundSpan
HeroCourtLakeFast,YaleButteAcidTilt
HeroCourtFallFast,YaleButteEaseTilt
HeroCordSuchKindPupil,YaleDireBillGillTrove
LysVasEnd,TanAilHue
TrashSow,TenthFew
EraNeonKindBed,RoeChopGillElk
EraSuchKindBed,RoeBillGillElk
CordLife,DireRice
For,Maw
Yield,Chair
CordKindForYield,DireGillMawChair
Heave,Cuban
YewHeaveLife,BisCubanRice
GeneticHall,TrolleySpan
Joinery,Outwash
JoineryHeaveLife,OutwashCubanRice
JoineryHeaveLifeFast,OutwashCubanRiceTilt
BalticHeaveLifeOnly,SteppeCubanRiceBore
PlowTenth,RimeCruel
MeAloneTenthFast,MyReuseCruelTilt
RomanHall,StaveSpan
YewTenthLife,BisCruelRice
AloneTenthFast,ReuseCruelTilt
PianoTenthFast,HappyCruelTilt
GeneticSquirrel,TrolleyNearness
PianoOnly,HappyBore
SinkTinSunlitScore,FirnMayFecundSkill
SinkDemiseSunlitScore,FirnPatentFecundSkill
Soda,Gibe
SinkSuchSodaSunlit,FirnBillGibeFecund
TireUtahHall,BiteWideSpan
TireRubHall,BiteRatSpan
YewNeon,BisChop
YewPermanenceNeonKind,BisAppreciateChopGill
YewSuch,BisBill
YewPermanenceSuch,BisAppreciateBill
YewEither,BisChisel
YewPermanenceEither,BisAppreciateChisel
YewLife,BisRice
YewTie,BisPeg
Scrub,Fancy
Die,Wit
Valve,Angry
Census,Figure
ScrubDieCrustalValveCensus,FancyDieStingerValveFigure
CrustalValveCensus,StingerAngryFigure
KeyVagueThereFact,MayEssayLayerFile
ThereVague,LayerEssay
Cop,Wed
Securely,Strength
CopVagueSecurely,WedEssayStrength
CopVagueSawyer,WedEssayLimner
Privately,Depiction
Receive,Pattern
CopVaguePrivatelyReceive,WedEssayDepictionPattern
CopVagueThereFact,WedEssayLayerFile
KeyVagueSawyer,MayEssayLimner
DefendVagueHomogeneousFact,AshcanEssayAppreciablyFile
Vital,Birth
GoVagueVital,MeEssayBirth
PeskyVagueCustom,CrownEssayKorean
CopVagueCustom,WedEssayKorean
CrustalValveForge,StingerAngryWrite
KeyKilnSawyer,MayBallLimner
KeyKilnExterior,MayBallAtlantic
ScrubDieCrustalValveForge,FancyWitStingerAngryWrite
President,Culminate
PresidentClickBroadcastHamper,CulminatePlazaSingletonVacant
CopClickBroadcastHamper,WedPlazaSingletonVacant
DefendKilnExterior,AshcanBallAtlantic
CopKilnExterior,WedBallAtlantic
CopKilnSawyer,WedBallLimner
Lop,Age
Badge,Metal
LopBadgeEnough,AgeMetalBreath
Stern,Chief
SternKindCommon,ChiefGillSphere
start,Krill
Pusher,Burden
startPusher,KrillBurden
pause,Issue
pausePusher,IssueBurden
resume,Church
resumePusher,ChurchBurden
pauseRewardItem,IssueRegimeTell
resumeRewardItem,ChurchRegimeTell
get,Big
getDropReward,BigLoreRegime
Slot,Frog
startSlot,KrillFrog
auto,Ware
Ad,Go
autoDropAdReward,WareLoreAdRegime
Auto,Dike
pauseAutoDropAdReward,IssueDikeLoreGoRegime
resumeAutoDropAdReward,ChurchDikeLoreGoRegime
Wait,Duke
autoDropAdRewardWaitTime,WareLoreGoRegimeDukeGrid
bigCoinDrop,LieAcidLore
Shake,Sixth
bigCoinShake,LieAcidSixth
push,Kiln
Add,Pen
Long,Week
pushAddLong,KilnPenWeek
set,Leo
Wall,Loss
Up,If
setWallUp,LeoWallIf
Five,Jolt
From,Hand
dropFiveCashFromUp,VeinJoltDireHandIf
dropFiveFromUpWaitTime,VeinJoltHandIfDukeGrid
dropFromUp,VeinHandIf
getRewardItem,BigRegimeTell
creat,Worry
creatCoinPagoda,WorryAcidThrive
Active,Sweden
coinPagodaActive,RailThriveActive
bigWinEndWaitTime,LieLogHueDukeGrid
Start,Alien
feverStart,AlterAlien
feverEndWaitTime,AlterHueDukeGrid
feverEnd,AlterHue
PlayFever,WishAdorn
AddBucketNum,PenBustlePet
Random,Policy
Euler,Modem
Angles,Derive
getRandomEulerAngles,BigPolicyModemDerive
save,Fore
saveAllRewardItem,ForeGemRegimeTell
load,Park
loadAllRewardItem,ParkGemRegimeTell
init,Meal
initRewardItem,MealRegimeTell
initGoldCoin,MealTireAcid
initCashCoin,MealDireAcid
You,Due
BillYouCrab,LionDuePlug
YewCrabPupil,BisPlugTrove
Do,We
DoCrab,DoPlug
MeAxCrab,MyGoPlug
StemAloneHerb,TourReuseGaze
StemDecayHerb,TourOfferGaze
StemInventHerb,TourEncaseGaze
StemYewFall,TourBisEase
GelFallSowIronFast,WokEaseFewRollTilt
LopLakeSo,AgeAcidOn
HeedSoSowIronFast,HoleOnFewRollTilt
LopLakePont,AgeAcidAnew
StemDotHerb,TourRidGaze
AntAloneHerb,RagReuseGaze
PestPegDecayHerb,SaltKeyOfferGaze
PestPegInventHerb,SaltKeyEncaseGaze
PianoCrabPeg,HappyPlugKey
Victimize,Persevere
WearyVictimize,TheftPersevere
Budget,Quiver
BudgetVictimize,QuiverPersevere
StatueSunlitGel,WinnerFecundWok
MeTire,MyBite
TireHallTanker,BiteSpanMoment
TireHallAnHall,BiteSpanAnSpan
GeneticCrabCreep,TrolleyPlugPhase
CrabPlow,PlugRime
CrabMeAlone,PlugMyReuse
AloneCrab,ReusePlug
HerbAil,GazeEnd
Shadow,Flashy
YewShadowBed,BisFlashyElk
BillCrab,LionPlug
SinkLaunchScore,FirnMutualSkill
BillCrabOffer,LionPlugGoose
PianoCrabBG,HappyPlugBG
Ref,Pry
RefUI,PryUI
PealDrive,YeanAffix
YewCrabPeart,BisPlugAngry
Chalk,Penal
YewChalk,BisPenal
YewChalk3,BisPenal3
PianoDemiseScore,HappyPatentSkill
YewSunlit,BisFecund
Newly,Dodge
NewlyAlone,DodgeReuse
ChainScore,SlushSkill
SinkLocaleKrillScore,FirnRatifyServeSkill
SinkExecuteKrill,FirnHoweverServe
YewTankerGelBed,BisMomentWokElk
YewRavageGerm,BisFilterThen
PianoExecuteDeedScore,HappyHoweverJoinSkill
PianoScore,HappySkill
PianoPeskyDeedScore,HappyCrownJoinSkill
TirePeskyDeed,BiteCrownJoin
AxAil,GoEnd
DownOnly,FeatBore
YewSunlitHay,BisFecundOil
SinkKrillScore,FirnServeSkill
YewHamlinGerm,BisTimberThen
Well,Solo
PianoWellScore,HappySoloSkill
TireFair,BitePloy
Encase,Crisis
GeneticEncase,TrolleyCrisis
Landslide,Exemplify
NeonYewLandslide,ChopBisExemplify
SuchYewLandslide,BillBisExemplify
EitherYewLandslide,ChiselBisExemplify
YewLandslide,BisExemplify
Proportion,Generalize
VirtueRavageProportion,SnuglyFilterGeneralize
Hub,Gap
HubRavage,GapFilter
SpiteMeChurchEon,SepalMyUsableYam
HubRavageHoney,GapFilterSword
HubRavageDrop,GapFilterLore
Eke,Fee
LopEkePianoYouFast,AgeEkeHappyDueTilt
Petiole,Impulse
LopEkePetioleYouFast,AgeFeePetioleDueTilt
TireOfferJaw,BiteGooseUSA
Bag,Oil
ScantToBagScentReexamine,TasteNoBagKarstWorksheet
HubDotPurifyUnbind,GapRidRotateSecure
BillByLast,LionOxFirm
BillPurifyLast,LionRotateFirm
BillBy,LionOx
BillPurify,LionRotate
Arrive,Induct
ArrivePurifyClaw,ArriveRotateBard
EraUnbind,RoeSecure
TireScentKernelPlain,BiteKarstDetailOcher
Dash,Wear
YewScentKernelRimDashJaw,BisKarstDetailDonDashUSA
YewScentReexamine,BisKarstWorksheet
Un,On
UnBagScentReexamine,UnOilKarstWorksheet
HubShop,GapLuck
YewShop,BisLuck
HubCarpet,GapAttest
YewCarpet,BisAttest
HubBylaw,GapOught
YewBylaw,BisOught
HubSow,GapFew
YewSow,BisFew
Dense,Reign
HubSowDense,GapFewReign
YewSowDense,BisFewReign
HubBylawDense,GapOughtReign
YewBylawDense,BisOughtReign
HubCarpetDense,GapAttestReign
YewCarpetDense,BisAttestReign
Recess,Quaint
HubRecess,GapQuaint
HubRecess2,GapQuaint2
YewRecess,BisQuaint
YewRecess2,BisQuaint2
HubRecess3,GapQuaint3
YewRecess3,BisQuaint3
Strawberry,Proclivity
HubStrawberry,GapProclivity
YewStrawberry,BisProclivity
HubIndigo,GapHeyday
YewIndigo,BisHeyday
AxVirtue,GoSnugly
Untold,Plenty
HubUntold,GapPlenty
About,Nerve
HubAbout,GapNerve
Likely,Mandan
LikelyEnough,MandanBreath
LopCosmosEdge,AgeVagaryBath
Roe,Wit
PowerfullyAppetiteRoe,UnhinderedInformalRoe
FeelAppetiteMy,WantInformalAt
FeelHelplessness,WantTavernkeeper
Deep,Skin
Bleak,Award
DeepSunlitBleak,DeepFecundAward
DeepHelplessnessMy,SkinTavernkeeperAt
DeepHelplessness,SkinTavernkeeper
Wander,Seldom
Option,Boomer
WanderOption,SeldomBoomer
WeLaunchYewPupil,ToMutualBisTrove
DecayFastHelplessness,OfferTiltTavernkeeper
InventFastHelplessness,EncaseTiltTavernkeeper
VirtueLooseBed,SnuglyBladeElk
Magnetic,Retrieve
Gravitas,Totemism
MagneticBillGravitas,RetrieveLionTotemism
Anvil,Wrist
AnvilMyBillSlander,WristAtLionProduce
YewAgreeMyBed,BisEruptAtElk
CosmosTire,VagaryBite
ToilCosmosEdge,AkinVagaryBath
YewCosmosEdge,BisVagaryBath
Export,Radius
YewCosmosExport,BisVagaryRadius
LysTiltHub,TanBoonGap
TireCosmosHall,BiteVagarySpan
YewAilPupil,BisEndTrove
FeelCosmosHeAil,WantVagaryItEnd
NylonAilPupil,LoderEndTrove
YewCosmosFast,BisVagaryTilt
Eat,Due
Square,Shrine
DownAPEatSquare,FeatAPEatShrine
Midair,Sudden
autoCorrect,WareShrubby
Whig,Hero
PoolWeWhigBulge,CastToWhigSheer
June,Stag
JuneUtahSquirrel,StagWideNearness
PoolBulge,CastSheer
PoolDale,CastSelf
SacRetreat,RibIsotope
Certain,Culture
EraCertain,RoeCulture
YewScreamHall,BisChiselSpan
Handmade,Scraping
YewHandmadeHall,BisScrapingSpan
HubScreamHall,GapChiselSpan
UtahXenon,WideNotch
MudFailFastWay,TanToilTiltPpm
PoolCosmosEdge,CastVagaryBath
ScantCosmosPredate,TasteVagaryBattery
YewTiltHour,BisBoonGenu
MeYewTiltHour,MyBisBoonGenu
Kill,Emit
KillYew,EmitBis
KillDale,EmitSelf
Gain,Rote
KillDaleGain,EmitSelfGain
Pioneer,Shortly
PioneerRetreat,ShortlyIsotope
StatueBayRetreat,WinnerEkeIsotope
Rapport,Dismiss
RapportRetreat,DismissIsotope
Recent,Insert
RecentRetreat,RecentIsotope
Incubate,Superior
RecentDotIncubate,InsertRidSuperior
Primary,Element
PrimaryDot,ElementRid
StatueOutletTomb,WinnerPistonGame
YewUtahOutlet,BisWidePiston
PrimaryUtahOutlet,ElementWidePiston
Spear,Maine
SpearTomb,MaineGame
YewVocation,BisFeedback
TirePianoCedar,BiteHappyCheer
SinkCedar,FirnCheer
Destroy,Sinuous
LopDestroyUproot,AgeSinuousGenial
IndigoMeLap,HeydayMyEke
Foe,Cue
Rodent,Happen
FoeRodent,CueHappen
LopRodentBylaw,AgeHappenOught
HeYield,ItChair
Assist,Origin
ScantAssistHall,TasteOriginSpan
YewMultiply,BisInscribe
Pointe,County
HePointe,ItCounty
Offering,Alkaloid
HeOffering,ItAlkaloid
YewExcursion,BisLogically
Picnic,Grower
PorkFastPicnic,DrawTiltGrower
Patriot,Phoenix
PatriotMePorkFast,PhoenixMyDrawTilt
PatriotPicnic,PhoenixGrower
YewFrenchTanker,BisHardenMoment
YewFrenchTankerPeart,BisHardenMomentAngry
Scat,Sear
TankerScat,MomentSear
DeepEnough,SkinBreath
Raw,Raw
RawDecay,RawOffer
RawInvent,RawEncase
Causal,Chorus
HubFewCausal,GapWhyChorus
Kinglet,Nucleic
HubFewKinglet,GapWhyNucleic
PayEnough,CudBreath
RawHerbEnough,RawGazeBreath
PegFastSmoothly,KeyTiltImperial
And,Sap
NylonAndAlonePeg,LoderAndReuseKey
PlowPeg,RimeKey
HubPegFewCausal,GapKeyWhyChorus
HubPegFewKinglet,GapKeyWhyNucleic
ZoologyPeg,ImpulseKey
StatueRawPeg,WinnerRawKey
PianoBarnRed,HappyHolmCod
SinkBarnRed,FirnHolmCod
PianoSunlitRed,HappyFecundCod
SinkSunlitRed,FirnFecundCod
PianoGel,HappyWok
TireSunlitGelHall,BiteFecundWokSpan
TireLaunchGelHall,BiteMutualWokSpan
Crad,Loop
CradLandslide,LoopExemplify
SinkRavage,FirnFilter
Animation,Inception
FeverAnimation,AdornInception
FetusLife,LoverRice
refresh,Retrain
refreshPupil,RetrainTrove
PestTiltKind,SaltBoonGill
PestTiltKindIronFast,SaltBoonGillRollTilt
PestKind,SaltGill
LopMonoid,AgeInduct
Fasten,French
FastenAfloatIronFast,FrenchSunsetRollTilt
Rotate,Coyote
EraRotateTanker,RoeCoyoteMoment
TrashAloneGenetic,TenthReuseTrolley
TrashSowGenetic,TenthFewTrolley
PestLife,SaltRice
CordKind,DireGill
RelaxAfloatIronFast,AllaySunsetRollTilt
WearyDotLife,TheftRidRice
BudgetDotLife,QuiverRidRice
TrashAlonePegGenetic,TenthReuseKeyTrolley
TrashSowPegGenetic,TenthFewKeyTrolley
TrashAloneSendCordLife,TenthReuseGameDireRice
TrashSowSendCordLife,TenthFewGameDireRice
TireCordLifeIronFast,BiteDireRiceRollTilt
Veil,Jean
SternVeilKind,ChiefJeanGill
SinkDynastyCent,FirnGaseousLoss
SinkDecayFastHelplessness,FirnOfferTiltTavernkeeper
YewBuyUnclearVieDisuse,BisLopAttemptBayCarton
Fiercely,Tapeworm
TireRimFiercelyGain,BiteDonTapewormRote
Six,Fit
Educable,Obedient
YewSixEducable,BisFitObedient
MidairSixEducable,SuddenFitObedient
RomanDotSixEducable,StaveRidFitObedient
PoolCorrect,CastShrubby
Asset,Quiet
FeelAsset,WantQuiet
Wick,Pick
Rob,Sod
Child,Guess
WickRobChildYork,PickSodGuessLike
YewRobScopeYorkReexamineDrapery,BisSodSmellLikeWorksheetDoorway
YewScopeYorkReexamine,BisSmellLikeWorksheet
YewScopeYorkMeQuenchYork,BisSmellLikeMyAutumnLike
HubMiteHugely,GapSlatIndoor
WeakMiteHugely,SafeSlatIndoor
RecentMiteHugely,InsertSlatIndoor
SinkCent,FirnLoss
TireObstructPlain,BiteCellularOcher
WickScopeYewReexamine,PickSmellBisWorksheet
Russia,Uranus
Novelist,Milkweed
NovelistHandleOutletBulge,MilkweedAnimalPistonSheer
DownUIArid,FeatUIMust
PianoUIArid,HappyUIMust
Indulge,Cushion
IndulgeCorrect,CushionShrubby
YewScore,BisSkill
Ray,Nut
RayScore,NutSkill
Compost,Reaumur
TireDukeChurchCompost,BiteFleeUsableReaumur
SinkUITruck,FirnUICharm
Campus,Vagary
PianoOrCampusUITruck,HappyIDCampusUICharm
SinkCardPaySo,FirnLateCudOn
RomanIronUITruck,StaveRollUICharm
Meter,Woody
FeelTruckMeALLUITruckMeter,WantCharmMyALLUICharmWoody
FeelUIArid,WantUIMust
MetalUITruckPlain,CrackUICharmOcher
MuleUITruckPlain,HoleUICharmOcher
Radium,Fervor
Other,Tooth
MetalUIRadiumMePlainWeakOther,CrackUIFervorMyOcherSafeTooth
MetalUITruckPlainIronPiano,CrackUICharmOcherRollHappy
MuleUITruckSortPlainRimSinkBleak,HoleUICharmWavyOcherDonFirnAward
JuryUITruck,PoleUICharm
PayUITruck,CudUICharm
TireUITruckSandyHall,BiteUICharmSporeSpan
Uncle,Scrub
RomanUncleDense,StaveScrubReign
YewGhostlyAridUncle,BisBequestMustScrub
YewScoreAnClaw,BisSkillAnBard
Ontario,Capital
Maroon,Misery
YewOntarioMaroon,BisCapitalMisery
Stonemason,Polychrome
HubRitePeart,GapRealAngry
HubHall,GapSpan
VirtueGate,SnuglyNews
PayGate,CudNews
JuryGate,PoleNews
YewGate,BisNews
Naked,Large
CombatNakedDelectable,GibbonNakedCongestion
Cranial,Bearing
UCranial,UBearing
UpwindUproot,ClientGenial
LandslideDelectable,ExemplifyCongestion
PegCreep,KeyPhase
PhotographerWrapper,IrreversibleThinker
RarityHorde,WalnutFloor
TombWrapper,GameThinker
Merge,Saint
Dictionaries,Antagonistic
MergeDictionaries,SaintAntagonistic
Mortar,Indigo
YewMortarHall,BisIndigoSpan
Bell,Plum
King,Disc
BellKingDelectable,PlumDiscCongestion
DemiseCrabDelectable,PatentPlugCongestion
DemiseSunlitPayDelectable,PatentFecundCudCongestion
Fifth,Voice
RubTiltFifthDelectable,RatBoonVoiceCongestion
BeauWrapper,VerbThinker
CourtWrapper,ButteThinker
Prime,Brace
DemisePrimeWrapper,PatentBraceThinker
Maraca,Layout
HallMaracaWrapper,SpanLayoutThinker
HeaveLifeWrapper,CubanRiceThinker
RubTenthFastWrapper,RatCruelTiltThinker
SunlitScoreWrapper,FecundSkillThinker
TenthFastWrapper,CruelTiltThinker
UtahHallWrapper,WideSpanThinker
AfloatCommon,SunsetSphere
Charcoal,Astonish
CharcoalBadge,AstonishMetal
KindCommonFinnish,GillSphereVibrant
MidairRevealCharcoal,SuddenUpwardAstonish
Manager,Imagist
PusherManager,BurdenImagist
Save,Yean
Data,Flag
RewardItemSaveData,RegimeTellSaveFlag
RewardItemPerfabs,RegimeTellRelieve
PusherRewardItem,BurdenRegimeTell
RevealCrabPegCharcoal,UpwardPlugKeyAstonish
RevealLandslideWrapper,UpwardExemplifyThinker
VictimizeDecay,PersevereOffer
YewRevealCharcoal,BisUpwardAstonish
CrabGelCreepDelectable,PlugWokPhaseCongestion
CrabGelDelectable,PlugWokCongestion
CrabWrapper,PlugThinker
ChangeCoin,ExceedAcid
CompostScore,ReaumurSkill
CrabCreep,PlugPhase
DemiseVasKrillScore,PatentAilServeSkill
DivaAnScore,WarnAnSkill
ExecuteDeedScore,HoweverJoinSkill
Insert,Lavish
Sack,User
InsertSack,LavishUser
NonstopCaputScore,GrandmaRiderSkill
PeskyDeedScore,CrownJoinSkill
Lore,Hunt
RubLoreUnclearScore,RatHuntAttemptSkill
TiltCordKindScore,BoonDireGillSkill
TiltCrabScore,BoonPlugSkill
TiltSunlitScore,BoonFecundSkill
TinVasKrillScore,MayAilServeSkill
UnclearScore,AttemptSkill
UtahScore,WideSkill
DropMiteScore,LoreSlatSkill
DropMiteScoreBloom,LoreSlatSkillHobby
Envelope,Unfairly
EnvelopeBulgeCarnation,UnfairlySheerPrinciple
Bubble,Indium
BubbleDataItem,IndiumFlagTell
Versus,Palace
VersusMite,VersusSlat
Audio,Dodge
Model,Paris
AudioModel,AudioParis
OfferFist,GooseCity
OfferJaw,GooseUSA
Routinely,Euphrates
OfferRoutinelyJaw,GooseEuphratesUSA
ScentKernelPlain,KarstDetailOcher
Kettle,Burrow
KettleScream,BurrowChisel
ToilHallWrapper,AkinSpanThinker
Doubtful,Feedback
EagerDoubtful,UnionDoubtful
Powder,Litter
Rote,Such
PowderRote,LitterSuch
SendUproot,GameGenial
ADWrapper,ADThinker
CustomData,KoreanFlag
Ad_CustomData,Go_KoreanFlag
CosmosTireWrapper,VagaryBiteThinker
DivaAnWrapper,WarnAnThinker
Finger,Rejoin
Spoil,Fleet
CorrectFingerSpoil,ShrubbyRejoinFleet
CorrectHall,ShrubbySpan
CScream,CChisel
Script,Ribbon
DaleBulgeScript,SelfSheerRibbon
MudHourJaw,TanGenuUSA
MudFailDaleOutlet,TanToilSelfPiston
MudFailWrapper,TanToilThinker
Request,Rupture
Task,Yarn
RequestTask,RuptureYarn
MudFailYewOutlet,TanToilBisPiston
OutletTomb,PistonGame
OutletTombWrapper,PistonGameThinker
Mono,Gist
Weightily,Thickness
MonoWeightily,GistThickness
CedarWrapper,CheerThinker
Sell,Pass
DevoteSellDestroyUproot,ExposePassSinuousGenial
Sure,Lift
CarpetSure,AttestLift
DisuseSure,CartonLift
KettleSure,BurrowLift
PorkSure,DrawLift
TankerSure,MomentLift
BillHoneyLandslide,LionSwordExemplify
RawColony,RawElliot
RawPegDelectable,RawKeyCongestion
NonstopGelDelectable,GrandmaWokCongestion
PeskyDeedDelectable,CrownJoinCongestion
ExecuteGelDelectable,HoweverWokCongestion
ColumnItem,CenterTell
Iodine,Meteor
IodineWrapper,MeteorThinker
LifeFinnish,RiceVibrant
Lifelike,Missouri
NeedleKindFinnish,ShaperGillVibrant
NeedleWrapper,ShaperThinker
CosmosCoilScore,VagaryRendSkill
MyWrapperCoilScore,AtThinkerRendSkill
Values,Balkan
Info,Holy
KeyValuesInfo,MayBalkanHoly
Node,Snow
KeyValuesNode,MayBalkanSnow
ScreamWrapperAnGain,ChiselThinkerAnRote
She,Sum
Define,Modest
SheDefine,SumModest
Overlap,Execute
BulgeOverlapEducable,SheerExecuteObedient
CorrectFinger,ShrubbyRejoin
Update,German
KeyValuesUpdate,MayBalkanGerman
Wartime,Renewal
Northeast,Harvester
GainWartimeNortheast,RoteRenewalHarvester
RoutinelyJaw,EuphratesUSA
Canyon,Funnel
SinceCanyon,SnakeCanyon
UIMiteJaw,UISlatUSA
ObstructJaw,CellularUSA
LastUITruck,FirmUICharm
UIFist,UICity
UIManager,UIImagist
Blubber,Brother
MiteBlubber,SlatBrother
RiteSell,RealPass
DevoteSell,ExposePass
Ail_1,End_1
Ail_11,End_11
Ail_12,End_12
Ail_13,End_13
Ail_14,End_14
Ail_15,End_15
Ail_16,End_16
Ail_17,End_17
Ail_18,End_18
Ail_19,End_19
Ail_2,End_2
Ail_3,End_3
Ail_4,End_4
Ail_5,End_5
Ail_6,End_6
Ail_7,End_7
Ail_9,End_9
Ail_Neon,End_Chop
Ail_Neon_1,End_Chop_1
Ail_Neon_10,End_Chop_10
Ail_Neon_100,End_Chop_100
Ail_Neon_200,End_Chop_200
Ail_Neon_5,End_Chop_5
Ail_Neon_50,End_Chop_50
Ail_Neon_500,End_Chop_500
RubLoreKind,RatHuntGill
Ail_RubLoreKind,End_RatHuntGill
Ail_Such_1,End_Bill_1
Ail_Such_10,End_Bill_10
Ail_Such_100,End_Bill_100
Ail_Such_200,End_Bill_200
Ail_Such_5,End_Bill_5
Ail_Such_50,End_Bill_50
Ail_Such_500,End_Bill_500
Bus,Rut
d,d
Love,Tram
Fix,Wee
Bus563d3Or294Love770634530d12Fix,Rut563d3ID294Tram770634530d12Wee
Damper,Narrow
Blaze,Cubic
Damper_Blaze,Narrow_Cubic
Dialect,Freight
Damper_Dialect2,Narrow_Freight2
Harem2,Arena2
Harem_1,Arena_1
Lamp,Leaf
LopAid,AgeLog
LopAid_1,AgeLog_1
Monroe,Airway
Monroe1,Airway1
Monroe2,Airway2
Monroe3,Airway3
Monroe4,Airway4
PestBG,SaltBG
PestBG_1,SaltBG_1
PestBG_2,SaltBG_2
PestBG_3,SaltBG_3
PestBG_4,SaltBG_4
PestBG_5 1,SaltBG_5 1
PestBG_5,SaltBG_5
PestBG_6,SaltBG_6
PestBG_7,SaltBG_7
PestBG_8,SaltBG_8
PestBG_9,SaltBG_9
Print,Award
Print_Can2,Award_You2
Rumen,Chill
Lotus,Steel
Misunderstand,Unfortunately
Rumen-Lotus-Misunderstand-01,Chill-Steel-Unfortunately-01
icon,Goat
UI,UI
UI_Few,UI_Why
UI_Kind,UI_Gill
Law,Bog
LawKindBG,BogGillBG
UI_LawKindBG,UI_BogGillBG
Arrow,Jewel
Image,Could
ArrowImage,JewelCould
Real,Weft
Money,Pride
ChangeRealMoneyBG,ExceedWeftPrideBG
Clash,Horde
Icon,Over
ClashIcon,HordeOver
Button,Indian
GetButton,NssIndian
GetButton_1,NssIndian_1
GoldIcon,TireOver
Pop,And
PopText,AndGlow
效果图,效果图
标题,标题
UI_Bell,UI_Plum
UI_BG_1,UI_BG_1
UI_BG_2,UI_BG_2
UI_BG_3,UI_BG_3
UI_BG_4,UI_BG_4
l,l
UI_Few_Slider_l,UI_Why_Thrive_l
UI_Few_Slider_m,UI_Why_Thrive_m
s,s
UI_Few_Slider_s,UI_Why_Thrive_s
Squat,Whole
UI_Few_Squat_l,UI_Why_Whole_l
UI_Few_Squat_m,UI_Why_Whole_m
UI_Few_Squat_s,UI_Why_Whole_s
PianoFew,HappyWhy
UI_PianoFew,UI_HappyWhy
Worth,Below
UI_Worth,UI_Below
TrashFX,TenthFX
TrashFX_1,TenthFX_1
TrashFX_2,TenthFX_2
TrashFX_3,TenthFX_3
TrashFX_4,TenthFX_4
TrashFX_5,TenthFX_5
TrashFX_6,TenthFX_6
TrashFX_7,TenthFX_7
TrashFX_8,TenthFX_8
TrashFX_9,TenthFX_9
Trash_1,Tenth_1
Appeal,Nation
Appeal_Down_1,Nation_Feat_1
Appeal_Down_2,Nation_Feat_2
Appeal_Down_3,Nation_Feat_3
Appeal_Down_4,Nation_Feat_4
Appeal_Down_5,Nation_Feat_5
Appeal_Down_6,Nation_Feat_6
Appeal_Down_7,Nation_Feat_7
Appeal_Down_8,Nation_Feat_8
UI_Pay,UI_Cud
PayPeg,CudKey
UI_PayPeg,UI_CudKey
feb,Gun
eadb,Life
c,c
a,a
e,e
48feb3190eadb86c390420909738a44e,48Gun3190Life86c390420909738a44e
Afterlife,Formation
Extensively,Iconography
Afterlife_Extensively_3x3,Formation_Iconography_3x3
BOX,BOX
Benign,Banker
Aloft_Down_BOX_Benign,Shape_Feat_BOX_Banker
Aloft_Incidental_French,Shape_Unforeseen_Harden
Aloft_Versus_French,Shape_Palace_Harden
Attest,Escape
Attest06 1,Escape06 1
Attest06,Escape06
BarnFX,HolmFX
Erect,Vague
BarnFX8_Erect_Benign,HolmFX8_Vague_Banker
Brace,Guess
Brace_02,Guess_02
Brace_French,Guess_Harden
Brea,Wide
Brea3,Wide3
Cenozoic,Founding
Exposure,Rhythmic
Cenozoic_Exposure,Founding_Rhythmic
Telescopic,Additional
Cenozoic_Telescopic 1,Founding_Additional 1
Cenozoic_Telescopic,Founding_Additional
DistortSpite,TopsoilSepal
Dream,Train
Dream02,Train02
Much,Fond
Dream_2x2_Much,Train_2x2_Fond
Stay,Scat
Forerunner,Naturalism
Dream_2x2_Stay_Forerunner,Train_2x2_Scat_Naturalism
Facility,Irrigate
Former,Burden
Former_French,Burden_Harden
Gate_FX_1_Benign 1,News_FX_1_Banker 1
Gate_FX_2_Benign,News_FX_2_Banker
Gate_FX_5_Benign,News_FX_5_Banker
Idea,Holm
Idea1,Holm1
Lily,Hail
Lily02,Hail02
Octopus,Tourism
Octopus_King,Tourism_Disc
KingVersus,DiscPalace
Octopus_KingVersus,Tourism_DiscPalace
Octopus_Versus,Tourism_Palace
b,b
f,f
TOrMy,TIDAt
Ox0b68f67c23b3To08e688e4513My21092981b992a883-4TOrMy_So1200_3,We0b68f67c23b3No08e688e4513At21092981b992a883-4TOrAt_On1200_3
Patchy,Galaxy
Patchy03,Galaxy03
Slimy,Organ
Print_Slimy,Award_Organ
They,Dead
Print_They,Award_Dead
Purplish,Pavement
Purplish2,Pavement2
Rim01,Don01
Rocky,Guide
Rocky01,Guide01
Rocky03,Guide03
Soon01,Over01
Recipe,Metric
Sound_Recipe,Deity_Metric
Submerge,Cellular
Submerge06,Cellular06
T,T
VFX,VFX
Literary,Mutually
T_VFX_Literary_01,T_VFX_Mutually_01
Loop,Last
T_VFX_Loop_01,T_VFX_Last_01
T_VFX_Loop_02,T_VFX_Last_02
T_VFX_Loop_03,T_VFX_Last_03
LUT,LUT
Between,Helpful
T_VFX_LUT_Between_01,T_VFX_LUT_Helpful_01
T_VFX_Soon_01,T_VFX_Over_01
T_VFX_Soon_02,T_VFX_Over_02
T_VFX_Wick_01,T_VFX_Pick_01
T_VFX_Wick_02,T_VFX_Pick_02
T_VFX_Wick_04,T_VFX_Pick_04
AtNeonBarn,UpChopHolm
UI_AtNeonBarn,UI_UpChopHolm
Sibling,Partner
UI_Sibling,UI_Partner
Versus01,Palace01
Versus02,Palace02
Versus03,Palace03
Versus1_French,Palace1_Harden
Walnut_Much02 1,Exhale_Fond02 1
Walnut_Much02,Exhale_Fond02
Walnut_Much03 1,Exhale_Fond03 1
Walnut_Much03,Exhale_Fond03
Pant,Oral
Walnut_Pant01,Exhale_Oral01
Woodlot,Ratchet
jinbi,Offer
RubLoreTenthBarn,RatHuntCruelHolm
RubLoreTenthBy,RatHuntCruelOx
Hiccup,Period
RubLoreTenthHiccup,RatHuntCruelPeriod
Butler,Spurge
UI_Butler,UI_Spurge
Cushion,Evident
Slip,Ruin
CushionSlip,EvidentRuin
UI_CushionSlip,UI_EvidentRuin
UI_Fast,UI_Tilt
FastSuch,TiltBill
UI_FastSuch,UI_TiltBill
UI_Hub,UI_Gap
UI_Life,UI_Rice
MobRod,FogHis
UI_MobRod,UI_FogHis
NeonRodBG,ChopHisBG
UI_NeonRodBG,UI_ChopHisBG
UI_On,UI_An
UI_RubLoreKind,UI_RatHuntGill
RubLoreSoon,RatHuntOver
UI_RubLoreSoon,UI_RatHuntOver
UI_Such,UI_Bill
UI_Tenth,UI_Cruel
TenthSquirrel,CruelNearness
UI_TenthSquirrel,UI_CruelNearness
TenthSquirrelBG,CruelNearnessBG
UI_TenthSquirrelBG,UI_CruelNearnessBG
UnclearFew,AttemptWhy
UI_UnclearFew,UI_AttemptWhy
Walrus,Output
UI_Walrus_1,UI_Output_1
UI_Walrus_2,UI_Output_2
UI_Walrus_3,UI_Output_3
UI_Walrus_4,UI_Output_4
UI_Walrus_He,UI_Output_It
UI_Walrus_Kind,UI_Output_Gill
UI_Wolf,UI_Skin
AM,AM
UI_AM_s,UI_AM_s
UI_Butler_d,UI_Spurge_d
UI_Kind_s,UI_Gill_s
UI_Squirrel,UI_Nearness
SquirrelBG,NearnessBG
UI_SquirrelBG,UI_NearnessBG
UI_Such_s,UI_Bill_s
UI_Wolf_s,UI_Skin_s
Z,Z
UI_Z_1,UI_Z_1
UI_Z_2,UI_Z_2
UI_Z_3,UI_Z_3
UI_Z_5,UI_Z_5
PayBG,CudBG
UI_PayBG,UI_CudBG
UI_PayBG_1,UI_CudBG_1
CompostBarn,ReaumurHolm
UI_CompostBarn,UI_ReaumurHolm
CompostSquirrel,ReaumurNearness
UI_CompostSquirrel,UI_ReaumurNearness
CompostSquirrelBG,ReaumurNearnessBG
UI_CompostSquirrelBG,UI_ReaumurNearnessBG
Logical,Optical
LogicalBG,OpticalBG
UI_LogicalBG,UI_OpticalBG
RubLoreCompostBG,RatHuntReaumurBG
UI_RubLoreCompostBG,UI_RatHuntReaumurBG
RubLoreCompostSquirrel,RatHuntReaumurNearness
UI_RubLoreCompostSquirrel,UI_RatHuntReaumurNearness
RubLoreCompostSquirrelBG,RatHuntReaumurNearnessBG
UI_RubLoreCompostSquirrelBG,UI_RatHuntReaumurNearnessBG
Gamma,Drift
RubLoreGamma,RatHuntDrift
UI_RubLoreGamma,UI_RatHuntDrift
UI_Deed_1,UI_Join_1
UI_Deed_2,UI_Join_2
UI_Deed_3,UI_Join_3
UI_Deed_Rear,UI_Join_Dung
Stash,Bleak
UI_Stash,UI_Bleak
Him,Leo
HimMeAt,LeoMyUp
UI_HimMeAt,UI_LeoMyUp
UI_Bell_Sap_1,UI_Plum_Urn_1
UI_Bell_Sap_2,UI_Plum_Urn_2
UI_Bell_Sap_3,UI_Plum_Urn_3
UI_Bell_Sap_4,UI_Plum_Urn_4
UI_Bell_Sap_5,UI_Plum_Urn_5
UI_Bell_Sap_6,UI_Plum_Urn_6
UI_Bell_Sap_7,UI_Plum_Urn_7
UI_Bell_Sap_8,UI_Plum_Urn_8
UI_Bell_Sap_9,UI_Plum_Urn_9
RubBillCentBG,RatLionLossBG
UI_RubBillCentBG,UI_RatLionLossBG
UI_Any,UI_Dot
UI_He,UI_It
HubBarn,GapHolm
UI_HubBarn_1,UI_GapHolm_1
UI_HubBarn_2,UI_GapHolm_2
UI_HubBarn_3,UI_GapHolm_3
UnclearBG,AttemptBG
UI_UnclearBG,UI_AttemptBG
FollyPaySoon,ExtolCudOver
UI_FollyPaySoon,UI_ExtolCudOver
FollyPaySoonBG,ExtolCudOverBG
UI_FollyPaySoonBG,UI_ExtolCudOverBG
JL,JL
UI_JL_Kind,UI_JL_Gill
UI_JL_On,UI_JL_An
UI_JL_Such,UI_JL_Bill
UI_JL_Such_Soon,UI_JL_Bill_Over
UI_JL_Wolf,UI_JL_Skin
JZ,JZ
UI_JZ_Kind,UI_JZ_Gill
UI_JZ_On,UI_JZ_An
UI_JZ_Such,UI_JZ_Bill
UI_JZ_Such_Soon,UI_JZ_Bill_Over
SuchSoda,BillGibe
UI_SuchSoda,UI_BillGibe
n,n
UI_SuchSoda_n,UI_BillGibe_n
UI_Vas_Vie,UI_Ail_Bay
Commit,Honest
UI_Commit,UI_Honest
CommitKind,HonestGill
UI_CommitKind,UI_HonestGill
CommitOn,HonestAn
UI_CommitOn,UI_HonestAn
CommitOnZ,HonestAnZ
UI_CommitOnZ,UI_HonestAnZ
CommitP,HonestP
UI_CommitP,UI_HonestP
CommitR,HonestR
UI_CommitR,UI_HonestR
CommitSoon,HonestOver
UI_CommitSoon,UI_HonestOver
CommitSuch,HonestBill
UI_CommitSuch,UI_HonestBill
UI_Commit_BG,UI_Honest_BG
UI_Commit￥,UI_Honest￥
Rich,Veil
CopRich,WedVeil
UI_CopRich,UI_WedVeil
God,Saw
GodCommit,SawHonest
Dining,Ballad
UI_GodCommit_Dining,UI_SawHonest_Ballad
VasCommit,AilHonest
UI_VasCommit_Dining,UI_AilHonest_Ballad
CrabDeed,PlugJoin
UI_CrabDeed,UI_PlugJoin
CrabPay,PlugCud
UI_CrabPay,UI_PlugCud
CrabPayBG,PlugCudBG
UI_CrabPayBG,UI_PlugCudBG
PayDeedBG,CudJoinBG
UI_PayDeedBG,UI_CudJoinBG
UI_7,UI_7
UI_Fall,UI_Ease
Per,Hit
FeelPer,WantHit
UI_FeelPer,UI_WantHit
UI_FeelPer_Benign,UI_WantHit_Banker
UI_FeelPer_Even,UI_WantHit_High
LH,LH
TinKind,MayGill
UI_LH_TinKind,UI_LH_MayGill
UI_Neon,UI_Chop
UI_So,UI_On
G,G
UI_G01,UI_G01
MobRodLife,FogHisRice
UI_MobRodLife,UI_FogHisRice
Suppose,Refiner
UI_Suppose,UI_Refiner
EraDeed,RoeJoin
EraDeed_1,RoeJoin_1
EraDeed_2,RoeJoin_2
EraDeed_3,RoeJoin_3
EraDeed_4,RoeJoin_4
EraDeed_5,RoeJoin_5
EraDeed_6,RoeJoin_6
EraDeed_7,RoeJoin_7
Stain,Sandy
Few_Squat_Stain,Why_Whole_Sandy
Gamma_Stain,Drift_Sandy
Instinct,Peculiar
Lamp_Instinct_1,Leaf_Peculiar_1
Lamp_Instinct_Fever,Leaf_Peculiar_Adorn
Kenya,Faith
Lamp_Kenya_Stain,Leaf_Faith_Sandy
Salad,Juice
Lamp_Salad_1,Leaf_Juice_1
Lamp_Slow_Stain,Leaf_Bear_Sandy
Pay_BG_Aloft,Cud_BG_Shape
line,Hind
line_01,Hind_01
line_02,Hind_02
loading,Reflect
logo,Peal
and,Two
logo_and,Peal_Two
ios,Lay
logo_ios,Peal_Lay
PB,PB
PB_Compost_1,PB_Reaumur_1
PB_Compost_So,PB_Reaumur_On
Barn_Bleak_m,Holm_Award_m
Barn_Draft_1,Holm_Perry_1
Barn_Draft_2,Holm_Perry_2
Barn_Draft_3,Holm_Perry_3
BeauUI,VerbUI
Slate,Graze
BeauUI_Slate,VerbUI_Graze
Unfold,Lagoon
BeauUI_Unfold,VerbUI_Lagoon
BeauUtahBG,VerbWideBG
BeauUtahBG_1,VerbWideBG_1
Champion,Moreover
Champion_1,Moreover_1
Champion_2,Moreover_2
Champion_3,Moreover_3
Champion_4,Moreover_4
Champion_5,Moreover_5
Champion_6,Moreover_6
Champion_7,Moreover_7
CourtDisuseRod,ButteCartonHis
Few_Court_So,Why_Butte_On
Few_Gazette,Why_Visitor
Few_Tower_Quench,Why_Trout_Autumn
Lamp_Kenya_m,Leaf_Faith_m
Lamp_Slow_m,Leaf_Bear_m
Paperback,Minnesota
Paperback_1,Minnesota_1
Pinpoint,Dominant
PinpointAppeal,DominantNation
PinpointAppeal_1,DominantNation_1
PinpointDisuseRod,DominantCartonHis
Serve,Posit
ServeUI,PositUI
ServeUI_Vie_1,PositUI_Bay_1
ServeUI_Vie_2,PositUI_Bay_2
Very_1,Sect_1
Very_2,Sect_2
Very_3,Sect_3
Very_4,Sect_4
Very_5,Sect_5
Very_6,Sect_6
Very_7,Sect_7
Very_8,Sect_8
Very_9,Sect_9
Barn_Bleak_1,Holm_Award_1
r,r
Few_Bus_r,Why_Rut_r
Few_Squat_r,Why_Whole_r
Gamma_Pig,Drift_Gut
Lamp_Slow_Egg,Leaf_Bear_Fen
Pay_No_Pig_1,Cud_Up_Gut_1
Pay_So_Pig,Cud_On_Gut
Quest,Sword
Quest_Pig,Sword_Gut
Few_Squat_f,Why_Whole_f
Gamma_Chip_1,Drift_File_1
Gamma_Chip_2,Drift_File_2
Few_Slab_s,Why_Lord_s
Few_Slider_s,Why_Thrive_s
Gamma_Unclear,Drift_Attempt
Lamp_Cliff,Leaf_Tulip
Lamp_Group,Leaf_Board
PayBG_Unclear,CudBG_Attempt
Relate_Ox,Indian_We
Two,Buy
Relate_Two,Indian_Buy
Few_Squat_Dig,Why_Whole_Rub
Gamma_Dig,Drift_Rub
Lamp_Kenya_Lys_1,Leaf_Faith_Tan_1
Lamp_Salad,Leaf_Juice
Lamp_Slow_Lys_1,Leaf_Bear_Tan_1
Pay_BG_Dig,Cud_BG_Rub
图层 144,图层 144
组 6,组 6
x1,x1
x10,x10
x15,x15
x2,x2
x20,x20
x3,x3
x5,x5
x8,x8
Salty,Trait
SaltyAny,TraitDot
UI_SaltyAny,UI_TraitDot
SaltyHe,TraitIt
UI_SaltyHe,UI_TraitIt
Salty_PaySink,Trait_CudFirn
Badge 06,Metal 06
Group_Coral_Ant,Board_Cloth_Rag
EraSunlit,RoeFecund
Group_EraSunlit,Board_RoeFecund
Hint,Kiln
Group_Jungle_Hint,Board_Marrow_Kiln
Group_Jungle_Prompt,Board_Marrow_Untrue
Group_Pest_Luce,Board_Salt_July
Represent,Steamboat
Group_Pest_Represent,Board_Salt_Steamboat
Bad,Jet
Holocene,Splinter
Gulf_Bad_Lily_Holocene_Pick_01,Slat_Jet_Hail_Splinter_Earn_01
Gulf_Bad_Lily_Holocene_Pick_02,Slat_Jet_Hail_Splinter_Earn_02
Gulf_Bad_Lily_Holocene_Pick_03,Slat_Jet_Hail_Splinter_Earn_03
Gulf_Bad_Lily_Holocene_Pick_04,Slat_Jet_Hail_Splinter_Earn_04
Gulf_Bad_Lily_Holocene_Pick_05,Slat_Jet_Hail_Splinter_Earn_05
Gulf_Bad_Lily_Holocene_Pick_06,Slat_Jet_Hail_Splinter_Earn_06
Gulf_Bad_Lily_Holocene_Pick_07,Slat_Jet_Hail_Splinter_Earn_07
Gulf_Bad_Lily_Holocene_Pick_08,Slat_Jet_Hail_Splinter_Earn_08
Gulf_Bad_Lily_Holocene_Pick_09,Slat_Jet_Hail_Splinter_Earn_09
Gulf_Bad_Lily_Holocene_Pick_10,Slat_Jet_Hail_Splinter_Earn_10
Gulf_Bad_Lily_Holocene_Pick_11,Slat_Jet_Hail_Splinter_Earn_11
Gulf_Bad_Lily_Holocene_Pick_12,Slat_Jet_Hail_Splinter_Earn_12
Gulf_Bad_Lily_Holocene_Pick_13,Slat_Jet_Hail_Splinter_Earn_13
Gulf_Bad_Lily_Holocene_Pick_14,Slat_Jet_Hail_Splinter_Earn_14
Gulf_Bad_Lily_Holocene_Pick_15,Slat_Jet_Hail_Splinter_Earn_15
Salty_BGM,Trait_BGM
YewKind,BisGill
Pride,Brick
AfloatPride,SunsetBrick
America,Liberal
AUtahVas,AWideAil
ForgeFew,WriteWhy
Heavy,Krill
HeavySalty,KrillTrait
HeavySalty_PaySink,KrillTrait_CudFirn
UIHandle,UIAnimal
HeavySalty_UIHandle,KrillTrait_UIAnimal
Marrow,Golden
Group_Coral_Marrow,Board_Cloth_Golden
Group_Ghostly_Sierra,Board_Bequest_Turtle
Orphanage,Withstand
Group_Orphanage_Corn,Board_Withstand_Berg
Group_Orphanage_Mammal,Board_Withstand_Woolen
Cheep,Spiky
Group_Period1_Cheep,Board_France1_Spiky
Yale,Limy
Group_Period1_Yale,Board_France1_Limy
Group_Period2_Yale,Board_France2_Limy
Group_Pest_777,Board_Salt_777
Group_Pest_Sierra,Board_Salt_Turtle
Yet,Jaw
Group_Trash_Yet,Board_Tenth_Jaw
Group_Yet,Board_Jaw
Salty_NeonKind,Trait_ChopGill
Salty_UIHandle,Trait_UIAnimal
Cab,Gel
Easily,Course
YouCabEasily,DueGelCourse
Salty_YouCabEasily,Trait_DueGelCourse
BellFair,PlumPloy
CrabBG,PlugBG
CrabBG 1,PlugBG 1
DemiseSunlitPay,PatentFecundCud
ExecuteGel,HoweverWok
FX_777,FX_777
FX_Creep,FX_Phase
FX_Tenth,FX_Cruel
Fern,Jibe
IodineGate,MeteorNews
LastCrabGel,FirmPlugWok
NonstopGel,GrandmaWok
PeaceCreep,UrbanPhase
PegGate,KeyNews
PeskyDeed,CrownJoin
RawGel,RawWok
RevealCreep,UpwardPhase
Deed_1,Join_1
Deed_2,Join_2
NeonKind_1,ChopGill_1
NeonKind_10,ChopGill_10
NeonKind_100,ChopGill_100
NeonKind_200,ChopGill_200
NeonKind_5,ChopGill_5
NeonKind_50,ChopGill_50
NeonKind_500,ChopGill_500
NeonKind_Sleep,ChopGill_Loyal
RewardItem,RegimeTell
SodaSuch,GibeBill
SuchKind,BillGill
SuchKind_1,BillGill_1
SuchKind_10,BillGill_10
SuchKind_100,BillGill_100
SuchKind_200,BillGill_200
SuchKind_5,BillGill_5
SuchKind_50,BillGill_50
SuchKind_500,BillGill_500
ATaskPanel,AYarnPluto
ATaskPanel_B,AYarnPluto_B
Timer,Mound
ATimerPanel,AMoundPluto
ATimerPanel_A,AMoundPluto_A
RubLoreUtahScore,RatHuntWideSkill
RubLoreYewKindScore,RatHuntBisGillSkill
SuchWayScore,BillPpmSkill
IScreamWrapper,IChiselThinker
Grimly,Latter
UIGrimly,UILatter
Particle,Marriage
System,Assert
UIParticleSystem,UIMarriageAssert
UtahFoil,WideClub

